{
  "theta0": 8499.59964993321,
  "theta1": -0.021448963591702286
}